Periodo,1.Precio de la gasolina en EE.UU. (dólares/m3),2.Precio de la onza troy de oro (dólares/oz),3.Precio de la onza troy de plata (dólares/oz),4.Precio del cobre refinado BML (dólares/libra),5.Precio del diesel  (centavos de dólar/galón),6.Precio del gas  natural   (dólares/millón de unidades térmicas británicas),7.Precio del kerosene (dólares/m3),8.Precio del petróleo Brent (dólares/barril),9.Precio del petróleo WTI (dólares/barril),10.Precio del propano (centavos de dólar/galón)     DTN
Jan-1948,,34.71,,,,,,,,
Feb-1948,,34.71,,,,,,,,
Mar-1948,,34.71,,,,,,,,
Apr-1948,,34.71,,,,,,,,
May-1948,,34.71,,,,,,,,
Jun-1948,,34.71,,,,,,,,
Jul-1948,,34.71,,,,,,,,
Aug-1948,,34.71,,,,,,,,
Sep-1948,,34.71,,,,,,,,
Oct-1948,,34.71,,,,,,,,
Nov-1948,,34.71,,,,,,,,
Dec-1948,,34.71,,,,,,,,
Jan-1949,,34.69,,,,,,,,
Feb-1949,,34.69,,,,,,,,
Mar-1949,,34.69,,,,,,,,
Apr-1949,,34.69,,,,,,,,
May-1949,,34.69,,,,,,,,
Jun-1949,,34.69,,,,,,,,
Jul-1949,,34.69,,,,,,,,
Aug-1949,,34.69,,,,,,,,
Sep-1949,,34.69,,,,,,,,
Oct-1949,,34.69,,,,,,,,
Nov-1949,,34.69,,,,,,,,
Dec-1949,,34.69,,,,,,,,
Jan-1950,,34.72,0.73,,,,,,,
Feb-1950,,34.72,0.73,,,,,,,
Mar-1950,,34.72,0.73,,,,,,,
Apr-1950,,34.72,0.72,,,,,,,
May-1950,,34.72,0.73,,,,,,,
Jun-1950,,34.72,0.73,,,,,,,
Jul-1950,,34.72,0.73,,,,,,,
Aug-1950,,34.72,0.73,,,,,,,
Sep-1950,,34.72,0.73,,,,,,,
Oct-1950,,34.72,0.75,,,,,,,
Nov-1950,,34.72,0.80,,,,,,,
Dec-1950,,34.72,0.80,,,,,,,
Jan-1951,,34.72,0.89,,,,,,,
Feb-1951,,34.72,0.90,,,,,,,
Mar-1951,,34.72,0.90,,,,,,,
Apr-1951,,34.72,0.90,,,,,,,
May-1951,,34.72,0.90,,,,,,,
Jun-1951,,34.72,0.88,,,,,,,
Jul-1951,,34.72,0.90,,,,,,,
Aug-1951,,34.72,0.90,,,,,,,
Sep-1951,,34.72,0.90,,,,,,,
Oct-1951,,34.72,0.88,,,,,,,
Nov-1951,,34.72,0.88,,,,,,,
Dec-1951,,34.72,0.88,,,,,,,
Jan-1952,,34.60,0.88,,,,,,,
Feb-1952,,34.60,0.88,,,,,,,
Mar-1952,,34.60,0.88,,,,,,,
Apr-1952,,34.60,0.88,,,,,,,
May-1952,,34.60,0.85,,,,,,,
Jun-1952,,34.60,0.83,,,,,,,
Jul-1952,,34.60,0.83,,,,,,,
Aug-1952,,34.60,0.83,,,,,,,
Sep-1952,,34.60,0.83,,,,,,,
Oct-1952,,34.60,0.83,,,,,,,
Nov-1952,,34.60,0.83,,,,,,,
Dec-1952,,34.60,0.83,,,,,,,
Jan-1953,,34.84,0.85,,,,,,,
Feb-1953,,34.84,0.85,,,,,,,
Mar-1953,,34.84,0.85,,,,,,,
Apr-1953,,34.84,0.85,,,,,,,
May-1953,,34.84,0.85,,,,,,,
Jun-1953,,34.84,0.85,,,,,,,
Jul-1953,,34.84,0.85,,,,,,,
Aug-1953,,34.84,0.85,,,,,,,
Sep-1953,,34.84,0.85,,,,,,,
Oct-1953,,34.84,0.85,,,,,,,
Nov-1953,,34.84,0.85,,,,,,,
Dec-1953,,34.84,0.85,,,,,,,
Jan-1954,,35.04,0.85,,,,,,,
Feb-1954,,35.04,0.85,,,,,,,
Mar-1954,,35.04,0.85,,,,,,,
Apr-1954,,35.04,0.85,,,,,,,
May-1954,,35.04,0.85,,,,,,,
Jun-1954,,35.04,0.85,,,,,,,
Jul-1954,,35.04,0.85,,,,,,,
Aug-1954,,35.04,0.85,,,,,,,
Sep-1954,,35.04,0.85,,,,,,,
Oct-1954,,35.04,0.85,,,,,,,
Nov-1954,,35.04,0.85,,,,,,,
Dec-1954,,35.04,0.85,,,,,,,
Jan-1955,,35.03,0.85,,,,,,,
Feb-1955,,35.03,0.85,,,,,,,
Mar-1955,,35.03,0.87,,,,,,,
Apr-1955,,35.03,0.87,,,,,,,
May-1955,,35.03,0.89,,,,,,,
Jun-1955,,35.03,0.90,,,,,,,
Jul-1955,,35.03,0.90,,,,,,,
Aug-1955,,35.03,0.91,,,,,,,
Sep-1955,,35.03,0.91,,,,,,,
Oct-1955,,35.03,0.92,,,,,,,
Nov-1955,,35.03,0.92,,,,,,,
Dec-1955,,35.03,0.90,,,,,,,
Jan-1956,,34.99,0.90,,,,,,,
Feb-1956,,34.99,0.91,,,,,,,
Mar-1956,,34.99,0.91,,,,,,,
Apr-1956,,34.99,0.91,,,,,,,
May-1956,,34.99,0.91,,,,,,,
Jun-1956,,34.99,0.90,,,,,,,
Jul-1956,,34.99,0.90,,,,,,,
Aug-1956,,34.99,0.91,,,,,,,
Sep-1956,,34.99,0.91,,,,,,,
Oct-1956,,34.99,0.91,,,,,,,
Nov-1956,,34.99,0.91,,,,,,,
Dec-1956,,34.99,0.91,,,,,,,
Jan-1957,,34.95,0.91,,,,,,,
Feb-1957,,34.95,0.91,,,,,,,
Mar-1957,,34.95,0.91,,,,,,,
Apr-1957,,34.95,0.91,,,,,,,
May-1957,,34.95,0.91,,,,,,,
Jun-1957,,34.95,0.90,,,,,,,
Jul-1957,,34.95,0.90,,,,,,,
Aug-1957,,34.95,0.91,,,,,,,
Sep-1957,,34.95,0.91,,,,,,,
Oct-1957,,34.95,0.91,,,,,,,
Nov-1957,,34.95,0.90,,,,,,,
Dec-1957,,34.95,0.90,,,,,,,
Jan-1958,,35.10,0.89,,,,,,,
Feb-1958,,35.10,0.89,,,,,,,
Mar-1958,,35.10,0.89,,,,,,,
Apr-1958,,35.10,0.89,,,,,,,
May-1958,,35.10,0.89,,,,,,,
Jun-1958,,35.10,0.89,,,,,,,
Jul-1958,,35.10,0.89,,,,,,,
Aug-1958,,35.10,0.89,,,,,,,
Sep-1958,,35.10,0.89,,,,,,,
Oct-1958,,35.10,0.90,,,,,,,
Nov-1958,,35.10,0.90,,,,,,,
Dec-1958,,35.10,0.90,,,,,,,
Jan-1959,,35.10,0.90,,,,,,,
Feb-1959,,35.10,0.90,,,,,,,
Mar-1959,,35.10,0.91,,,,,,,
Apr-1959,,35.10,0.91,,,,,,,
May-1959,,35.10,0.91,,,,,,,
Jun-1959,,35.10,0.91,,,,,,,
Jul-1959,,35.10,0.91,,,,,,,
Aug-1959,,35.10,0.91,,,,,,,
Sep-1959,,35.10,0.91,,,,,,,
Oct-1959,,35.10,0.91,,,,,,,
Nov-1959,,35.10,0.91,,,,,,,
Dec-1959,,35.10,0.91,,,,,,,
Jan-1960,,35.27,0.91,0.33,,,,,,
Feb-1960,,35.27,0.91,0.33,,,,,,
Mar-1960,,35.27,0.91,0.32,,,,,,
Apr-1960,,35.27,0.91,0.33,,,,,,
May-1960,,35.27,0.91,0.31,,,,,,
Jun-1960,,35.27,0.91,0.31,,,,,,
Jul-1960,,35.27,0.91,0.32,,,,,,
Aug-1960,,35.27,0.91,0.31,,,,,,
Sep-1960,,35.27,0.91,0.29,,,,,,
Oct-1960,,35.27,0.91,0.28,,,,,,
Nov-1960,,35.27,0.91,0.28,,,,,,
Dec-1960,,35.27,0.91,0.29,,,,,,
Jan-1961,,35.25,0.91,0.28,,,,,,
Feb-1961,,35.25,0.91,0.28,,,,,,
Mar-1961,,35.25,0.91,0.28,,,,,,
Apr-1961,,35.25,0.91,0.29,,,,,,
May-1961,,35.25,0.91,0.30,,,,,,
Jun-1961,,35.25,0.91,0.30,,,,,,
Jul-1961,,35.25,0.91,0.29,,,,,,
Aug-1961,,35.25,0.91,0.29,,,,,,
Sep-1961,,35.25,0.91,0.29,,,,,,
Oct-1961,,35.25,0.91,0.29,,,,,,
Nov-1961,,35.25,0.92,0.29,,,,,,
Dec-1961,,35.25,1.03,0.29,,,,,,
Jan-1962,,35.23,1.04,0.29,,,,,,
Feb-1962,,35.23,1.03,0.29,,,,,,
Mar-1962,,35.23,1.02,0.29,,,,,,
Apr-1962,,35.23,1.02,0.29,,,,,,
May-1962,,35.23,1.02,0.29,,,,,,
Jun-1962,,35.23,1.02,0.29,,,,,,
Jul-1962,,35.23,1.04,0.29,,,,,,
Aug-1962,,35.23,1.08,0.29,,,,,,
Sep-1962,,35.23,1.15,0.29,,,,,,
Oct-1962,,35.23,1.21,0.29,,,,,,
Nov-1962,,35.23,1.19,0.29,,,,,,
Dec-1962,,35.23,1.20,0.29,,,,,,
Jan-1963,,35.09,1.24,0.29,,,,,,
Feb-1963,,35.09,1.26,0.29,,,,,,
Mar-1963,,35.09,1.27,0.29,,,,,,
Apr-1963,,35.09,1.27,0.29,,,,,,
May-1963,,35.09,1.28,0.29,,,,,,
Jun-1963,,35.09,1.28,0.29,,,,,,
Jul-1963,,35.09,1.29,0.29,,,,,,
Aug-1963,,35.09,1.29,0.29,,,,,,
Sep-1963,,35.09,1.29,0.29,,,,,,
Oct-1963,,35.09,1.29,0.29,,,,,,
Nov-1963,,35.09,1.29,0.29,,,,,,
Dec-1963,,35.09,1.29,0.30,,,,,,
Jan-1964,,35.10,1.29,0.30,,,,,,
Feb-1964,,35.10,1.29,0.32,,,,,,
Mar-1964,,35.10,1.29,0.34,,,,,,
Apr-1964,,35.10,1.29,0.39,,,,,,
May-1964,,35.10,1.29,0.38,,,,,,
Jun-1964,,35.10,1.29,0.37,,,,,,
Jul-1964,,35.10,1.29,0.39,,,,,,
Aug-1964,,35.10,1.29,0.45,,,,,,
Sep-1964,,35.10,1.29,0.53,,,,,,
Oct-1964,,35.10,1.29,0.62,,,,,,
Nov-1964,,35.10,1.29,0.64,,,,,,
Dec-1964,,35.10,1.29,0.58,,,,,,
Jan-1965,,35.12,1.29,0.45,,,,,,
Feb-1965,,35.12,1.29,0.54,,,,,,
Mar-1965,,35.12,1.29,0.56,,,,,,
Apr-1965,,35.12,1.29,0.61,,,,,,
May-1965,,35.12,1.29,0.63,,,,,,
Jun-1965,,35.12,1.29,0.59,,,,,,
Jul-1965,,35.12,1.29,0.49,,,,,,
Aug-1965,,35.12,1.29,0.55,,,,,,
Sep-1965,,35.12,1.29,0.60,,,,,,
Oct-1965,,35.12,1.29,0.64,,,,,,
Nov-1965,,35.12,1.29,0.67,,,,,,
Dec-1965,,35.12,1.29,0.69,,,,,,
Jan-1966,,35.13,1.29,0.76,,,,,,
Feb-1966,,35.13,1.29,0.85,,,,,,
Mar-1966,,35.13,1.29,0.85,,,,,,
Apr-1966,,35.13,1.29,0.87,,,,,,
May-1966,,35.13,1.29,0.76,,,,,,
Jun-1966,,35.13,1.29,0.77,,,,,,
Jul-1966,,35.13,1.29,0.71,,,,,,
Aug-1966,,35.13,1.29,0.54,,,,,,
Sep-1966,,35.13,1.29,0.51,,,,,,
Oct-1966,,35.13,1.29,0.58,,,,,,
Nov-1966,,35.13,1.29,0.59,,,,,,
Dec-1966,,35.13,1.29,0.55,,,,,,
Jan-1967,,34.95,1.29,0.56,,,,,,
Feb-1967,,34.95,1.29,0.55,,,,,,
Mar-1967,,34.95,1.29,0.50,,,,,,
Apr-1967,,34.95,1.29,0.45,,,,,,
May-1967,,34.95,1.30,0.47,,,,,,
Jun-1967,,34.95,1.30,0.46,,,,,,
Jul-1967,,34.95,1.59,0.45,,,,,,
Aug-1967,,34.95,1.75,0.47,,,,,,
Sep-1967,,34.95,1.68,0.48,,,,,,
Oct-1967,,34.95,1.79,0.52,,,,,,
Nov-1967,,34.95,1.95,0.61,,,,,,
Dec-1967,,34.95,2.07,0.60,,,,,,
Jan-1968,,35.20,1.99,0.64,,,,,,
Feb-1968,,35.20,1.86,0.78,,,,,,
Mar-1968,,35.20,2.18,0.77,,,,,,
Apr-1968,,37.90,2.20,0.57,,,,,,
May-1968,,40.70,2.38,0.50,,,,,,
Jun-1968,,41.10,2.46,0.52,,,,,,
Jul-1968,,39.50,2.31,0.48,,,,,,
Aug-1968,,39.20,2.19,0.48,,,,,,
Sep-1968,,40.20,2.21,0.50,,,,,,
Oct-1968,,39.20,1.97,0.49,,,,,,
Nov-1968,,39.80,2.02,0.50,,,,,,
Dec-1968,,41.10,1.96,0.54,,,,,,
Jan-1969,,42.30,1.98,0.57,,,,,,
Feb-1969,,42.60,1.84,0.58,,,,,,
Mar-1969,,43.20,1.83,0.58,,,,,,
Apr-1969,,43.30,1.78,0.63,,,,,,
May-1969,,43.46,1.76,0.63,,,,,,
Jun-1969,,41.44,1.64,0.67,,,,,,
Jul-1969,,41.76,1.62,0.66,,,,,,
Aug-1969,,41.09,1.65,0.73,,,,,,
Sep-1969,,40.87,1.78,0.72,,,,,,
Oct-1969,,40.44,1.87,0.71,,,,,,
Nov-1969,,40.44,1.92,0.74,,,,,,
Dec-1969,,35.17,1.81,0.77,,,,,,
Jan-1970,,34.94,1.88,0.74,,,,,,
Feb-1970,,34.99,1.90,0.75,,,,,,
Mar-1970,,35.09,1.89,0.80,,,,,,
Apr-1970,,35.62,1.85,0.79,,,,,,
May-1970,,35.95,1.67,0.73,,,,,,
Jun-1970,,35.44,1.64,0.66,,,,,,
Jul-1970,,35.32,1.69,0.62,,,,,,
Aug-1970,,35.38,1.80,0.57,,,,,,
Sep-1970,,36.19,1.80,0.57,,,,,,
Oct-1970,,37.52,1.75,0.52,,,,,,
Nov-1970,,37.44,1.76,0.49,,,,,,
Dec-1970,,37.44,1.63,0.47,,,,,,
Jan-1971,,37.87,1.64,0.46,,,,,,
Feb-1971,,38.74,1.60,0.47,,,,,,
Mar-1971,,38.87,1.67,0.52,,,,,,
Apr-1971,,39.01,1.73,0.57,,,,,,
May-1971,,40.52,1.67,0.51,,,,,,
Jun-1971,,40.10,1.61,0.49,,,,,,
Jul-1971,,40.95,1.58,0.51,,,,,,
Aug-1971,28.69,42.73,1.59,0.50,,,,,,
Sep-1971,28.40,42.02,1.42,0.48,,,,,,
Oct-1971,28.40,42.50,1.34,0.47,,,,,,
Nov-1971,28.40,42.86,1.32,0.46,,,,,,
Dec-1971,28.40,43.48,1.39,0.47,,,,,,
Jan-1972,28.40,45.75,1.47,0.49,,,,,,
Feb-1972,28.40,48.26,1.50,0.51,,,,,,
Mar-1972,28.82,48.33,1.54,0.53,,,,,,
Apr-1972,29.06,49.03,1.57,0.51,,,,,,
May-1972,29.30,54.62,1.58,0.50,,,,,,
Jun-1972,30.01,62.09,1.57,0.48,,,,,,
Jul-1972,31.28,65.67,1.74,0.47,,,,,,
Aug-1972,32.44,67.03,1.85,0.48,,,,,,
Sep-1972,32.87,65.47,1.78,0.48,,,,,,
Oct-1972,33.03,64.86,1.81,0.47,,,,,,
Nov-1972,33.42,62.91,1.83,0.46,,,,,,
Dec-1972,33.26,63.91,1.98,0.46,,,,,,
Jan-1973,32.71,65.14,2.02,0.51,,,,,,
Feb-1973,32.92,74.20,2.24,0.56,,,,,,
Mar-1973,34.98,84.37,2.31,0.69,,,,,,
Apr-1973,37.65,90.50,2.21,0.72,,,,,,
May-1973,48.93,101.96,2.40,0.70,,,,,,
Jun-1973,72.15,120.12,2.62,0.79,,,,,,
Jul-1973,72.84,120.17,2.71,0.92,,,,,,
Aug-1973,61.37,106.76,2.64,0.95,,,,,,
Sep-1973,56.91,102.97,2.67,0.88,,,,,,
Oct-1973,62.01,100.08,2.89,0.94,,,,,,
Nov-1973,70.96,94.82,2.86,1.03,,,,,,
Dec-1973,94.43,106.72,3.14,1.01,,,,,,
Jan-1974,108.61,129.19,3.64,0.92,,,,,,
Feb-1974,120.87,150.23,5.36,1.04,,,,,,
Mar-1974,139.29,168.42,5.33,1.25,,,,,,
Apr-1974,132.97,172.24,5.04,1.38,,,,,,
May-1974,115.32,163.27,5.43,1.31,,,,,,
Jun-1974,108.48,154.10,4.90,1.11,,,,,,
Jul-1974,93.61,142.98,4.41,0.87,,,,,,
Aug-1974,79.55,154.64,4.43,0.82,,,,,,
Sep-1974,76.64,151.77,4.05,0.66,,,,,,
Oct-1974,74.32,158.78,4.83,0.64,,,,,,
Nov-1974,73.16,181.66,4.69,0.64,,,,,,
Dec-1974,74.29,183.85,4.39,0.59,,,,,,
Jan-1975,76.33,176.50,4.19,0.55,,,,,,
Feb-1975,75.96,179.59,4.37,0.58,,,,,,
Mar-1975,75.27,178.16,4.33,0.61,,,,,,
Apr-1975,75.16,169.83,4.21,0.60,,,,,,
May-1975,81.35,167.39,4.54,0.57,,,,,,
Jun-1975,89.25,164.25,4.49,0.54,,,,,,
Jul-1975,99.84,165.17,4.70,0.56,,,,,,
Aug-1975,98.86,163.00,4.93,0.58,,,,,,
Sep-1975,95.16,144.09,4.52,0.55,,,,,,
Oct-1975,89.67,142.76,4.33,0.54,,,,,,
Nov-1975,88.35,142.42,4.33,0.54,,,,,,
Dec-1975,86.63,139.28,4.09,0.52,,,,,,
Jan-1976,85.05,131.49,4.06,0.54,,,,,,
Feb-1976,86.37,131.09,4.09,0.55,,,,,,
Mar-1976,88.82,132.58,4.19,0.60,,,,,,
Apr-1976,93.45,127.94,4.36,0.69,,,,,,
May-1976,105.02,126.93,4.49,0.69,,,,,,
Jun-1976,115.30,125.71,4.81,0.70,,,,,,
Jul-1976,106.90,117.75,4.77,0.75,,,,,,
Aug-1976,101.51,109.93,4.24,0.70,,,,,,
Sep-1976,100.13,114.15,4.30,0.66,,,,,,
Oct-1976,98.02,116.00,4.22,0.58,,,,,,
Nov-1976,99.00,130.46,4.37,0.58,,,,,,
Dec-1976,99.37,133.88,4.35,0.58,,,,,,
Jan-1977,99.02,132.26,4.41,0.63,,,,,,
Feb-1977,100.21,136.30,4.53,0.65,,,,,,
Mar-1977,105.97,148.23,4.84,0.69,,,,,,
Apr-1977,106.50,149.17,4.78,0.65,,,,,,
May-1977,105.84,146.60,4.69,0.62,,,,,,
Jun-1977,105.42,140.78,4.44,0.60,,,,,,
Jul-1977,101.85,143.39,4.50,0.57,,,,,,
Aug-1977,99.08,144.95,4.44,0.53,,,,,,
Sep-1977,99.66,149.52,4.54,0.54,,,,,,
Oct-1977,99.81,158.86,4.76,0.55,,,,,,
Nov-1977,98.52,162.10,4.83,0.54,,,,,,
Dec-1977,98.07,160.45,4.71,0.57,,,,,,
Jan-1978,97.41,173.18,4.93,0.57,,,,,,
Feb-1978,96.49,178.14,4.94,0.55,,,,,,
Mar-1978,96.86,183.66,5.27,0.57,,,,,,
Apr-1978,100.69,174.82,5.12,0.58,,,,,,
May-1978,106.05,176.31,5.12,0.59,,,,,,
Jun-1978,107.19,183.75,5.32,0.60,,,,,,
Jul-1978,113.13,188.73,5.33,0.61,,,,,,
Aug-1978,126.31,206.30,5.49,0.65,,,,,,
Sep-1978,122.48,212.08,5.57,0.65,,,,,,
Oct-1978,121.51,227.39,5.92,0.68,,,,,,
Nov-1978,132.07,206.07,5.87,0.67,,,,,,
Dec-1978,131.57,207.83,5.93,0.70,,,,,,
Jan-1979,136.72,227.27,6.26,0.75,,,,,,
Feb-1979,167.13,245.67,7.42,0.88,,,,,,
Mar-1979,166.71,242.05,7.45,0.93,,,,,,
Apr-1979,198.31,239.16,7.49,0.95,,,,,,
May-1979,249.33,257.61,8.37,0.87,,,,,,
Jun-1979,298.20,279.07,8.54,0.85,,,,,,
Jul-1979,228.56,294.69,9.14,0.82,,,,,,
Aug-1979,206.76,300.81,9.33,0.90,,,,,,
Sep-1979,232.34,355.11,13.96,0.95,,,,,,
Oct-1979,256.43,391.66,16.78,0.94,,,,,,
Nov-1979,298.36,391.99,16.60,0.95,,,,,,
Dec-1979,299.26,455.07,21.79,1.00,,,,,,
Jan-1980,267.19,675.31,38.26,1.18,,,,,,
Feb-1980,257.15,665.32,35.08,1.32,,,,,,
Mar-1980,245.79,553.58,24.13,1.05,,,,,,
Apr-1980,260.92,517.41,14.50,0.94,,,,,,
May-1980,263.72,513.82,12.53,0.93,,,,,,
Jun-1980,244.33,600.72,15.75,0.91,,,,,,
Jul-1980,230.07,644.28,16.06,0.99,,,,,,
Aug-1980,228.77,627.15,15.90,0.94,,,,,,
Sep-1980,235.46,673.63,20.14,0.93,,,,,,
Oct-1980,242.46,661.15,20.18,0.93,,,,,,
Nov-1980,249.09,623.46,18.65,0.91,,,,,,
Dec-1980,248.61,593.69,16.39,0.85,,,,,,
Jan-1981,258.04,557.39,14.75,0.85,,,,,,
Feb-1981,271.52,499.76,13.02,0.82,,,,,,
Mar-1981,270.54,498.76,12.34,0.83,,,,,,
Apr-1981,265.52,495.80,11.44,0.83,,,,,,
May-1981,266.08,479.70,10.85,0.79,,,,,,
Jun-1981,266.21,460.69,10.00,0.77,,,,,,
Jul-1981,274.77,409.28,8.63,0.76,,,,,,
Aug-1981,272.84,410.18,8.93,0.81,,,,,,
Sep-1981,265.20,443.66,10.03,0.78,,,,,,
Oct-1981,265.84,437.75,9.25,0.76,,,,,,
Nov-1981,266.10,413.37,8.55,0.75,,,,,,
Dec-1981,252.44,410.09,8.43,0.75,,,,,,
Jan-1982,245.26,384.32,8.03,0.73,,,,,,
Feb-1982,239.10,374.13,8.27,0.72,,,,,,
Mar-1982,220.50,330.25,7.21,0.69,,,,,,
Apr-1982,236.38,350.34,7.31,0.69,,,,,,
May-1982,257.81,333.82,6.67,0.69,,,,,,
Jun-1982,260.18,315.15,5.58,0.59,,,,,,
Jul-1982,252.02,338.97,6.50,0.65,,,,,,
Aug-1982,255.59,364.23,7.14,0.66,,,,,,
Sep-1982,254.00,437.31,8.73,0.65,,,,,,
Oct-1982,245.26,422.15,9.46,0.66,,,,,,
Nov-1982,236.49,414.91,9.29,0.66,,,,,,
Dec-1982,223.96,444.29,10.59,0.67,,,,,,
Jan-1983,222.83,481.29,12.40,0.71,,,,,,
Feb-1983,218.49,491.11,13.96,0.75,,,,,,
Mar-1983,212.39,419.67,10.62,0.73,,,,,,
Apr-1983,229.77,432.88,11.69,0.76,,,,,,
May-1983,230.01,438.01,12.98,0.80,,,,,30.10,
Jun-1983,231.84,412.84,11.75,0.77,,,,,31.00,
Jul-1983,229.48,422.72,12.09,0.77,,,,,31.60,
Aug-1983,228.64,416.68,12.10,0.74,,,,,31.90,
Sep-1983,224.99,411.80,11.91,0.71,,,,,31.20,
Oct-1983,216.12,393.58,9.84,0.65,,,,,30.40,
Nov-1983,211.12,381.69,8.84,0.63,,,,,30.00,
Dec-1983,196.22,388.34,9.12,0.64,,,,,29.20,
Jan-1984,207.08,370.92,8.20,0.62,,,,,29.70,
Feb-1984,213.21,386.22,9.11,0.65,,,,,30.10,
Mar-1984,217.57,394.25,9.65,0.68,,,,,30.80,
Apr-1984,216.54,381.41,9.25,0.70,,,,,30.60,
May-1984,210.81,377.40,8.95,0.65,,,,,30.60,
Jun-1984,200.95,377.67,8.74,0.62,,,,,30.00,
Jul-1984,197.20,347.46,7.45,0.60,,,,,28.60,
Aug-1984,203.57,347.68,7.60,0.61,,,,,29.30,
Sep-1984,206.63,340.59,7.24,0.59,,,,,29.40,
Oct-1984,199.15,340.17,7.29,0.58,,,,,28.80,
Nov-1984,185.57,341.17,7.50,0.61,,,,,28.10,
Dec-1984,176.43,319.54,6.67,0.60,,,,,26.90,
Jan-1985,181.00,302.75,6.09,0.62,,,,,25.70,
Feb-1985,196.30,298.13,6.08,0.63,,,,,27.30,
Mar-1985,210.09,303.67,5.95,0.63,,,,,28.40,
Apr-1985,217.09,325.27,6.45,0.68,,,,,28.80,
May-1985,215.19,316.37,6.26,0.70,,,,,27.60,
Jun-1985,216.01,316.49,6.17,0.65,,,,,27.20,
Jul-1985,210.65,317.43,6.08,0.67,,,,,27.30,
Aug-1985,198.86,329.79,6.25,0.64,,,,,27.80,
Sep-1985,200.40,322.92,6.06,0.62,,,,,28.30,
Oct-1985,208.53,325.84,6.18,0.63,,,,,29.60,
Nov-1985,210.30,325.24,6.12,0.62,,,,,30.80,
Dec-1985,183.20,321.65,5.89,0.63,,,,,27.20,
Jan-1986,164.28,345.38,6.06,0.64,,,,,22.90,
Feb-1986,118.78,338.89,5.88,0.64,,,,,15.40,
Mar-1986,105.36,345.71,5.66,0.66,,,,,12.50,
Apr-1986,120.92,340.44,5.22,0.65,,,,,12.90,
May-1986,134.29,342.56,5.09,0.64,,,,,15.40,
Jun-1986,107.93,342.57,5.15,0.64,,,,,13.60,
Jul-1986,87.79,348.34,5.04,0.61,,,,,11.60,
Aug-1986,109.67,375.92,5.21,0.59,,,,,15.10,
Sep-1986,105.63,417.29,5.67,0.61,,,,,15.00,
Oct-1986,105.63,423.51,5.65,0.60,,,,,14.90,
Nov-1986,108.56,397.97,5.57,0.59,,,,,15.20,
Dec-1986,109.46,390.92,5.37,0.60,,,,,16.10,
Jan-1987,130.14,408.22,5.52,0.61,,,,,18.70,
Feb-1987,127.45,401.09,5.48,0.63,,,,,17.80,
Mar-1987,134.27,410.61,5.66,0.66,,,,,18.40,
Apr-1987,133.79,438.33,7.47,0.67,,,,,18.70,
May-1987,139.02,460.23,8.47,0.69,,,,,19.40,
Jun-1987,141.58,449.59,7.44,0.71,,,,,20.10,
Jul-1987,145.55,450.55,7.64,0.77,,,,,21.30,
Aug-1987,141.19,461.14,7.87,0.79,,,,,20.30,
Sep-1987,131.12,459.97,7.60,0.82,,,,,19.60,
Oct-1987,134.32,465.35,7.60,0.89,,,,,19.90,
Nov-1987,131.52,467.58,6.72,1.14,,,,,19.00,
Dec-1987,114.53,486.77,6.82,1.30,,,,,17.30,
Jan-1988,114.61,476.58,6.73,1.21,,,,,17.10,
Feb-1988,118.26,442.07,6.34,1.06,,,,,16.70,
Mar-1988,120.32,443.61,6.41,1.07,,,,,16.20,
Apr-1988,135.83,451.55,6.45,1.04,,,,,17.90,
May-1988,134.08,450.87,6.54,1.11,,,,,17.40,
Jun-1988,130.91,451.33,7.02,1.15,,,,,16.50,
Jul-1988,146.68,437.59,7.10,1.00,,,,,15.50,
Aug-1988,127.27,431.28,6.71,1.00,,,,,15.50,
Sep-1988,123.80,412.84,6.37,1.10,,,,,14.60,
Oct-1988,128.56,406.78,6.28,1.33,,,,,13.80,
Nov-1988,125.86,420.17,6.29,1.50,,,,,14.10,
Dec-1988,114.98,419.09,6.12,1.59,,,,,16.40,
Jan-1989,130.17,404.01,5.99,1.54,,,,,18.00,
Feb-1989,129.14,387.78,5.88,1.40,,,,,18.00,
Mar-1989,144.04,390.15,5.95,1.48,,,,,19.50,
Apr-1989,182.17,384.06,5.79,1.41,,,,,21.20,
May-1989,178.28,371.00,5.44,1.24,,,,,20.40,
Jun-1989,160.92,367.60,5.28,1.15,,,,,20.20,
Jul-1989,140.00,375.04,5.23,1.13,,,,,19.70,
Aug-1989,134.24,365.37,5.19,1.25,,,,,18.60,
Sep-1989,151.68,361.75,5.13,1.31,,,,,19.60,
Oct-1989,140.82,366.88,5.14,1.30,,,,,20.10,
Nov-1989,133.16,394.38,5.48,1.17,,,,,19.90,
Dec-1989,141.16,409.32,5.56,1.10,,,,,21.10,
Jan-1990,168.32,410.11,5.24,1.07,,,,,23.00,
Feb-1990,154.61,416.81,5.29,1.07,,,,,22.10,
Mar-1990,153.08,393.06,5.07,1.19,,,,,20.40,
Apr-1990,163.25,374.24,5.06,1.22,,,,,18.40,
May-1990,175.69,369.05,5.07,1.24,,,,,18.30,
Jun-1990,162.75,352.33,4.91,1.17,,,,,16.70,
Jul-1990,158.94,362.53,4.87,1.25,,,,,18.40,
Aug-1990,228.11,394.73,5.00,1.34,,,,,27.20,
Sep-1990,250.01,389.32,4.80,1.37,,,,,33.80,
Oct-1990,235.51,380.74,4.39,1.24,,,,,36.10,
Nov-1990,219.21,381.72,4.17,1.17,,,,,32.40,
Dec-1990,171.47,376.37,4.07,1.13,,,,,27.30,
Jan-1991,175.93,383.64,4.05,1.11,,,,,25.20,
Feb-1991,159.81,363.83,3.74,1.11,,,,,20.50,
Mar-1991,177.52,363.37,3.94,1.09,,,,,19.90,
Apr-1991,186.34,358.39,3.98,1.12,,,,,20.80,
May-1991,182.93,356.95,4.05,1.05,,,,,21.20,
Jun-1991,162.98,366.72,4.39,1.01,,,,,20.20,
Jul-1991,167.82,367.68,4.34,1.01,,,,,21.50,
Aug-1991,177.46,356.30,3.95,1.01,,,,,21.70,
Sep-1991,158.41,348.67,4.04,1.05,,,,,21.90,
Oct-1991,164.23,358.69,4.12,1.07,,,,,23.30,
Nov-1991,163.99,360.17,4.07,1.08,,,,,22.50,
Dec-1991,137.65,361.72,3.95,1.01,,,,,19.50,
Jan-1992,134.66,354.49,4.12,0.97,,,,,18.80,
Feb-1992,142.11,353.90,4.15,1.00,,,,,19.00,
Mar-1992,147.56,344.53,4.11,1.01,,,,,18.90,
Apr-1992,160.50,338.72,4.05,1.00,,,,,20.20,
May-1992,167.40,337.19,4.07,1.01,,,,,21.00,
Jun-1992,169.19,340.72,4.06,1.04,,,,,22.40,
Jul-1992,154.77,352.72,3.97,1.14,,,,,21.80,
Aug-1992,158.15,343.70,3.82,1.14,,,,,21.30,
Sep-1992,155.85,347.00,3.77,1.10,,,,,21.90,
Oct-1992,157.20,346.16,3.75,1.02,,,,,21.70,
Nov-1992,142.30,336.69,3.77,0.98,,,,,20.30,
Dec-1992,134.00,336.36,3.73,1.00,,,,,19.40,
Jan-1993,136.20,330.60,3.68,1.02,,,,,19.10,
Feb-1993,134.29,330.86,3.66,1.00,,,,,20.00,
Mar-1993,147.95,331.62,3.65,0.98,,,,,20.30,
Apr-1993,158.10,343.93,3.96,0.88,,,,,20.30,
May-1993,158.65,368.83,4.45,0.81,,,,,19.90,
Jun-1993,144.46,373.12,4.38,0.84,,,,,19.10,
Jul-1993,133.32,393.14,5.02,0.87,,,,,17.90,
Aug-1993,137.36,377.75,4.84,0.88,,,,,18.00,
Sep-1993,127.00,355.70,4.22,0.84,,,,,17.50,
Oct-1993,127.71,364.57,4.35,0.75,,,,,18.20,
Nov-1993,112.23,374.52,4.56,0.74,,,,,16.70,
Dec-1993,95.35,384.84,5.02,0.78,,,,,14.50,
Jan-1994,110.70,386.96,5.16,0.82,,,,,15.00,
Feb-1994,115.72,382.25,5.27,0.85,,,,,14.80,
Mar-1994,120.69,384.65,5.47,0.87,,,,,14.70,
Apr-1994,130.54,378.90,5.34,0.85,,,,,16.40,
May-1994,130.62,382.58,5.46,0.98,,,,,17.90,
Jun-1994,139.26,385.88,5.39,1.07,,,,,19.10,
Jul-1994,143.94,385.81,5.30,1.12,,,,,19.70,
Aug-1994,144.44,380.81,5.22,1.09,,,,,18.40,
Sep-1994,120.16,392.17,5.54,1.14,,,,,17.50,
Oct-1994,129.62,390.21,5.46,1.16,,,,,17.70,
Nov-1994,123.14,384.53,5.19,1.27,,,,,18.10,
Dec-1994,114.13,379.83,4.78,1.35,,,,,17.20,
Jan-1995,126.02,378.76,4.78,1.36,,,,,18.00,
Feb-1995,128.90,377.00,4.73,1.31,,,,,18.60,
Mar-1995,130.04,382.71,4.69,1.33,,,,,18.60,
Apr-1995,156.59,391.19,5.55,1.32,,,,,19.90,
May-1995,167.63,385.70,5.56,1.26,,,,,19.70,
Jun-1995,145.15,387.97,5.37,1.36,,,,,18.40,
Jul-1995,126.26,386.46,5.19,1.40,,,,,17.30,
Aug-1995,132.73,383.93,5.43,1.38,,,,,18.00,
Sep-1995,132.97,383.65,5.46,1.32,,,,,18.20,
Oct-1995,119.15,383.49,5.38,1.28,,,,,17.40,
Nov-1995,120.92,385.58,5.32,1.35,,,,,18.00,
Dec-1995,127.13,387.70,5.20,1.33,,,,,19.00,
Jan-1996,130.49,399.91,5.51,1.19,,,,,18.90,
Feb-1996,136.33,404.91,5.66,1.15,,,,,19.10,
Mar-1996,153.55,396.55,5.55,1.16,,,,,21.30,
Apr-1996,174.42,393.01,5.42,1.18,,,,,23.60,
May-1996,165.68,392.04,5.37,1.21,,,,,21.20,
Jun-1996,149.59,385.04,5.16,0.99,,,,,20.40,
Jul-1996,156.06,383.71,5.07,0.90,,,,,21.30,
Aug-1996,153.37,387.70,5.14,0.91,,,,,21.90,
Sep-1996,155.96,383.14,5.02,0.88,,,,,24.00,
Oct-1996,169.67,381.27,4.93,0.89,,,,,24.90,
Nov-1996,174.74,377.97,4.83,1.01,,,,,23.60,
Dec-1996,170.99,369.01,4.83,1.03,,,,,25.40,
Jan-1997,176.99,355.35,4.78,1.10,,,,,25.20,
Feb-1997,164.12,347.62,5.10,1.09,,,,,22.20,
Mar-1997,162.30,351.85,5.20,1.10,,,,,21.00,
Apr-1997,154.45,344.55,4.76,1.08,,,,,19.70,
May-1997,160.69,344.03,4.77,1.14,,,,,20.80,
Jun-1997,146.02,340.66,4.76,1.19,,,,,19.20,
Jul-1997,156.54,323.90,4.37,1.11,,,,,19.60,
Aug-1997,172.73,324.23,4.53,1.02,,,,,19.90,
Sep-1997,150.59,323.39,4.75,0.96,,,,,19.80,
Oct-1997,145.07,324.26,5.03,0.93,,,,,21.30,
Nov-1997,139.71,305.77,5.11,0.87,,,,,20.10,
Dec-1997,131.36,289.28,5.87,0.80,,,,,18.30,
Jan-1998,122.03,289.68,5.91,0.77,,,,,16.70,
Feb-1998,119.21,297.69,6.82,0.76,,,,,16.10,
Mar-1998,112.81,296.32,6.27,0.79,,,,,15.10,
Apr-1998,122.64,308.63,6.35,0.82,,,,,15.30,
May-1998,127.40,299.07,5.55,0.79,,,,,14.90,
Jun-1998,116.25,292.54,5.29,0.75,,,,,13.70,
Jul-1998,110.99,292.77,5.47,0.75,,,,,14.10,
Aug-1998,98.39,283.64,5.15,0.74,,,,,13.40,
Sep-1998,106.29,289.41,5.03,0.75,,,,,15.00,
Oct-1998,109.17,296.22,4.98,0.72,,,,,14.40,
Nov-1998,88.30,294.39,4.98,0.71,,,,,13.00,
Dec-1998,78.49,290.83,4.90,0.67,,,,,11.30,
Jan-1999,86.50,287.52,5.16,0.65,,,,,12.50,
Feb-1999,80.18,287.76,5.55,0.64,,,,,12.00,
Mar-1999,110.04,285.93,5.18,0.63,,,,,14.70,
Apr-1999,131.65,282.56,5.09,0.66,,,,,17.30,
May-1999,126.97,276.76,5.27,0.69,,,,,17.80,
Jun-1999,128.30,261.34,5.06,0.65,,,,,17.90,
Jul-1999,149.11,256.24,5.19,0.74,,,,,20.10,
Aug-1999,159.52,256.72,5.26,0.75,,,,,21.30,
Sep-1999,170.20,265.16,5.24,0.79,,,,,23.90,
Oct-1999,155.83,310.39,5.37,0.78,,,,,22.60,
Nov-1999,173.53,293.67,5.17,0.78,,,,,24.90,
Dec-1999,172.05,284.37,5.20,0.80,,,,,26.10,
Jan-2000,184.12,285.01,5.20,0.84,,3.50,190.36,25.40,27.30,
Feb-2000,215.59,300.25,5.22,0.82,,3.29,197.89,27.77,29.40,
Mar-2000,226.21,286.23,5.07,0.79,,3.04,191.20,27.36,29.90,
Apr-2000,193.50,280.14,5.06,0.76,,3.30,181.19,22.54,25.80,
May-2000,234.27,274.99,4.99,0.81,,3.80,192.81,27.40,28.80,
Jun-2000,256.35,286.16,5.01,0.80,,4.52,200.74,29.68,31.90,
Jul-2000,218.81,281.66,4.97,0.82,,4.19,201.51,28.51,29.70,
Aug-2000,223.99,274.68,4.89,0.84,,4.66,228.82,30.04,31.30,
Sep-2000,238.36,273.70,4.90,0.89,,5.43,255.85,32.78,33.90,
Oct-2000,231.73,270.12,4.83,0.86,,5.36,247.98,30.93,33.10,
Nov-2000,226.66,266.08,4.68,0.81,,5.88,254.56,32.52,34.40,
Dec-2000,191.31,272.06,4.64,0.84,,10.62,216.96,25.13,28.40,
Jan-2001,226.45,265.92,4.68,0.81,,8.82,223.49,25.64,29.50,
Feb-2001,218.65,262.25,4.55,0.80,,5.98,202.38,27.41,29.60,
Mar-2001,203.57,263.09,4.40,0.79,,5.63,182.51,24.40,27.20,
Apr-2001,256.43,261.04,4.38,0.75,,5.58,193.34,25.64,27.40,
May-2001,244.23,272.43,4.44,0.76,,4.50,198.76,28.45,28.60,
Jun-2001,193.16,271.05,4.37,0.73,,4.00,195.75,27.72,27.60,
Jul-2001,177.01,267.75,4.25,0.69,,3.31,179.76,24.54,26.40,
Aug-2001,205.18,273.14,4.21,0.66,,3.19,189.56,25.67,27.50,
Sep-2001,189.91,283.59,4.38,0.65,,2.44,183.59,25.53,26.20,
Oct-2001,148.56,282.92,4.39,0.62,,2.73,159.47,20.48,22.20,
Nov-2001,131.49,276.04,4.12,0.65,,2.65,138.47,18.94,19.60,
Dec-2001,133.82,276.56,4.39,0.67,,2.77,132.21,18.60,19.30,
Jan-2002,141.95,281.84,4.50,0.68,,2.57,134.37,19.49,19.70,
Feb-2002,142.46,296.21,4.44,0.71,,2.60,136.49,20.29,20.70,
Mar-2002,188.67,294.89,4.55,0.73,,3.28,161.53,23.69,24.40,
Apr-2002,206.02,303.36,4.58,0.72,,3.67,169.75,25.65,26.20,
May-2002,196.14,314.93,4.72,0.72,,3.73,168.90,25.43,27.00,
Jun-2002,194.64,321.28,4.90,0.75,,3.43,163.86,24.13,25.50,
Jul-2002,199.63,313.41,4.91,0.72,,3.19,172.73,25.77,26.90,
Aug-2002,198.78,310.58,4.53,0.67,,3.29,179.74,26.66,28.40,
Sep-2002,206.02,319.52,4.56,0.67,,3.71,199.89,28.34,29.70,
Oct-2002,217.57,316.52,4.41,0.67,,4.38,199.42,27.55,28.90,
Nov-2002,182.62,319.28,4.52,0.72,,4.39,185.07,24.18,26.30,
Dec-2002,206.00,335.47,4.65,0.72,,5.35,209.75,28.52,29.40,
Jan-2003,231.84,357.64,4.83,0.75,,7.31,231.10,31.29,33.00,
Feb-2003,266.13,357.61,4.64,0.76,,10.71,277.01,32.65,35.80,
Mar-2003,254.21,340.07,4.52,0.75,,7.16,231.97,30.34,33.30,
Apr-2003,213.98,329.29,4.51,0.72,,5.83,190.12,25.02,28.20,
May-2003,207.24,356.62,4.73,0.75,,6.17,185.39,25.81,28.10,
Jun-2003,218.63,356.49,4.54,0.76,,6.20,194.11,27.55,30.70,
Jul-2003,233.82,351.37,4.84,0.78,,5.36,201.21,28.40,30.80,
Aug-2003,259.34,360.74,5.00,0.80,,5.36,209.51,29.83,31.60,
Sep-2003,213.61,379.21,5.17,0.81,,4.93,188.51,27.10,28.30,
Oct-2003,222.43,378.65,5.00,0.87,,5.03,209.80,29.59,30.30,
Nov-2003,217.15,390.44,5.20,0.93,,4.97,213.32,28.77,31.10,
Dec-2003,225.12,409.03,5.66,1.00,,6.63,223.35,29.88,32.10,
Jan-2004,260.21,413.97,6.32,1.10,,10.04,249.40,31.18,34.20,
Feb-2004,271.76,404.04,6.47,1.25,,5.93,230.75,30.87,34.70,
Mar-2004,288.19,407.47,7.29,1.36,,5.84,234.37,33.80,36.70,
Apr-2004,304.01,404.54,7.11,1.34,,6.21,236.19,33.36,36.70,
May-2004,353.29,384.53,5.87,1.24,,6.79,261.29,37.92,40.30,
Jun-2004,309.09,391.90,5.85,1.22,,6.65,255.69,35.19,38.00,
Jul-2004,326.39,398.14,6.34,1.27,,6.29,281.58,38.37,40.80,
Aug-2004,310.94,401.64,6.68,1.29,,5.75,302.32,43.03,44.90,
Sep-2004,327.69,406.10,6.40,1.31,,5.44,328.29,43.38,45.90,
Oct-2004,356.64,421.02,7.13,1.37,,6.64,385.65,49.77,53.30,
Nov-2004,327.90,439.93,7.50,1.42,,6.69,348.88,43.05,48.50,
Dec-2004,274.08,442.57,7.07,1.43,,7.26,313.82,39.65,43.20,
Jan-2005,329.06,424.28,6.62,1.44,,6.15,334.71,44.28,46.82,
Feb-2005,325.15,424.35,7.07,1.48,,6.14,342.27,45.56,47.96,
Mar-2005,390.67,433.73,7.23,1.53,,6.96,401.66,53.09,54.17,
Apr-2005,404.38,429.65,7.12,1.54,,7.18,394.21,51.86,52.96,
May-2005,368.19,422.50,7.05,1.47,,6.47,366.87,48.66,49.81,
Jun-2005,398.86,431.19,7.29,1.60,,7.18,420.63,54.31,56.39,
Jul-2005,419.47,424.55,7.02,1.64,,7.62,429.17,57.58,58.67,
Aug-2005,520.24,438.07,7.01,1.72,,9.52,474.32,64.09,64.96,
Sep-2005,611.04,456.83,7.18,1.75,,12.53,537.36,62.98,65.54,
Oct-2005,474.00,469.91,7.67,1.84,,13.63,547.74,58.52,62.36,
Nov-2005,382.48,477.75,7.90,1.94,,10.30,437.30,55.54,58.28,
Dec-2005,411.91,509.65,8.63,2.08,,13.05,442.69,56.75,59.41,
Jan-2006,449.35,550.18,9.17,2.15,,8.69,458.41,63.57,65.48,
Feb-2006,406.97,555.63,9.54,2.26,,7.53,433.05,59.92,61.62,
Mar-2006,483.57,558.30,10.44,2.31,,6.88,467.77,62.25,62.89,
Apr-2006,573.42,611.86,12.72,2.90,,7.17,523.17,70.44,69.54,
May-2006,539.81,673.02,13.44,3.65,,6.24,521.24,70.19,70.93,
Jun-2006,561.00,596.33,10.78,3.26,,6.20,505.92,68.86,70.93,
Jul-2006,598.97,633.68,11.23,3.50,,6.17,511.36,73.90,74.40,
Aug-2006,529.11,630.64,12.25,3.49,,7.13,530.38,73.61,73.04,
Sep-2006,410.62,598.59,11.61,3.45,,4.90,451.12,62.77,63.82,
Oct-2006,396.99,586.99,11.61,3.40,179.31,5.84,435.69,58.38,58.85,
Nov-2006,412.26,628.20,13.00,3.19,180.18,7.41,434.56,58.48,59.13,
Dec-2006,421.40,628.51,13.22,3.03,179.19,6.73,439.92,62.32,62.00,
Jan-2007,369.80,631.29,12.86,2.57,162.71,6.59,396.43,54.30,54.24,
Feb-2007,426.97,665.25,13.94,2.57,177.92,8.00,434.61,57.76,59.25,
Mar-2007,490.22,654.46,13.13,2.93,196.76,7.11,449.48,62.14,60.60,
Apr-2007,570.09,679.75,13.74,3.52,208.88,7.60,482.96,67.40,63.94,
May-2007,608.56,667.56,13.16,3.48,204.39,7.64,502.77,67.48,63.45,
Jun-2007,569.69,655.45,13.11,3.39,209.22,7.35,519.97,71.32,67.49,
Jul-2007,562.24,665.58,12.92,3.62,214.21,6.22,539.07,77.20,74.14,
Aug-2007,520.55,665.89,12.31,3.41,211.80,6.23,518.44,70.80,72.38,
Sep-2007,558.07,713.62,12.88,3.47,228.97,6.07,571.15,77.13,79.91,
Oct-2007,560.58,756.88,13.71,3.63,235.90,6.74,598.86,82.83,85.90,
Nov-2007,623.12,806.21,14.66,3.16,265.45,7.11,677.46,92.53,94.76,
Dec-2007,599.42,807.10,14.36,2.99,256.05,7.13,666.58,91.45,91.36,
Jan-2008,611.62,888.33,15.97,3.20,254.84,7.98,660.90,91.92,92.98,149.38
Feb-2008,635.82,925.57,17.65,3.58,275.01,8.55,690.75,94.82,95.38,140.66
Mar-2008,677.14,960.88,19.11,3.83,315.35,9.41,784.09,103.24,105.47,147.40
Apr-2008,738.31,910.35,17.51,3.94,334.01,10.18,832.05,110.19,112.62,158.65
May-2008,820.21,890.80,17.09,3.80,373.11,11.27,944.59,123.94,125.37,169.78
Jun-2008,866.39,890.55,17.02,3.75,384.38,12.68,996.19,133.05,133.93,180.82
Jul-2008,833.42,940.02,18.08,3.82,381.20,11.08,987.50,133.90,133.38,187.88
Aug-2008,776.46,836.84,14.50,3.46,324.06,8.25,832.73,113.85,116.64,164.20
Sep-2008,777.04,828.80,12.26,3.17,307.12,7.62,766.47,99.06,103.94,153.90
Oct-2008,469.51,805.06,10.36,2.23,230.25,6.74,578.68,72.84,76.61,103.13
Nov-2008,318.81,760.66,9.87,1.69,184.22,6.70,473.50,53.24,57.29,73.45
Dec-2008,247.08,825.74,10.40,1.39,136.12,5.84,354.58,41.58,41.44,61.71
Jan-2009,305.65,862.78,11.42,1.46,142.38,5.23,368.16,44.86,41.74,72.74
Feb-2009,317.01,941.72,13.44,1.50,125.78,4.51,322.85,43.24,39.15,65.65
Mar-2009,341.95,926.96,13.16,1.70,130.14,3.96,326.52,46.84,47.98,65.36
Apr-2009,355.93,890.78,12.52,2.00,139.68,3.49,350.17,50.85,49.81,63.74
May-2009,440.37,930.40,14.15,2.07,149.21,3.83,384.86,57.94,59.12,70.22
Jun-2009,498.73,945.59,14.63,2.27,180.11,3.80,459.39,68.62,69.62,84.57
Jul-2009,451.20,935.07,13.40,2.37,169.79,3.38,427.77,64.91,64.12,75.38
Aug-2009,498.20,949.73,14.41,2.80,189.92,3.14,489.32,72.50,71.06,90.44
Sep-2009,458.84,997.92,16.48,2.81,177.44,2.99,454.58,67.69,69.44,94.86
Oct-2009,498.97,"1,044.99",17.23,2.85,194.28,4.00,506.71,73.19,75.77,100.94
Nov-2009,509.80,"1,131.89",17.95,3.03,198.02,3.68,520.08,77.04,78.00,107.37
Dec-2009,499.55,"1,126.71",17.60,3.17,196.11,5.34,514.77,74.67,74.49,119.01
Jan-2010,532.36,"1,117.15",17.73,3.35,203.73,5.82,533.90,76.37,78.36,131.87
Feb-2010,518.99,"1,097.98",15.87,3.11,199.57,5.32,513.95,74.31,76.41,128.50
Mar-2010,563.01,"1,114.58",17.11,3.39,212.35,4.29,543.59,79.27,81.25,113.71
Apr-2010,580.08,"1,149.70",18.15,3.51,226.94,4.03,580.18,84.98,84.48,113.72
May-2010,526.55,"1,206.57",18.44,3.10,210.60,4.14,535.69,76.25,73.73,108.00
Jun-2010,521.00,"1,233.98",18.46,2.95,206.57,4.80,530.65,74.84,75.35,103.89
Jul-2010,521.58,"1,192.96",17.92,3.06,204.20,4.63,517.20,74.74,76.35,101.10
Aug-2010,508.22,"1,217.87",18.45,3.30,209.35,4.31,527.63,76.69,76.60,107.07
Sep-2010,516.75,"1,272.34",20.59,3.50,213.26,3.89,546.15,77.79,75.29,113.26
Oct-2010,547.11,"1,344.81",23.50,3.76,225.06,3.43,585.23,82.92,81.90,123.18
Nov-2010,556.48,"1,371.89",26.66,3.84,232.25,3.71,603.38,85.67,84.24,125.34
Dec-2010,610.49,"1,392.75",29.33,4.15,244.65,4.25,638.02,91.80,89.15,129.63
Jan-2011,632.44,"1,360.94",28.49,4.33,260.02,4.49,675.40,96.29,89.41,134.79
Feb-2011,662.06,"1,375.28",31.06,4.48,279.38,4.09,721.40,103.96,89.53,139.20
Mar-2011,754.11,"1,422.89",35.91,4.32,308.00,3.97,792.81,114.44,102.92,139.63
Apr-2011,828.58,"1,485.35",43.10,4.30,323.04,4.24,837.09,123.04,109.96,145.46
May-2011,795.77,"1,512.60",36.87,4.05,300.00,4.31,774.87,114.46,101.28,151.85
Jun-2011,734.48,"1,528.56",35.76,4.10,301.48,4.54,778.07,113.76,96.25,152.10
Jul-2011,786.31,"1,574.51",38.12,4.36,311.94,4.42,803.78,116.46,97.31,152.74
Aug-2011,735.48,"1,763.93",40.34,4.10,297.00,4.05,768.53,110.08,86.32,152.81
Sep-2011,711.07,"1,772.00",38.04,3.77,293.58,3.89,763.09,112.45,85.58,155.78
Oct-2011,707.47,"1,671.19",32.15,3.33,295.77,3.56,772.10,109.47,86.41,147.23
Nov-2011,670.49,"1,739.50",33.25,3.43,304.44,3.26,796.09,110.50,97.12,145.80
Dec-2011,670.78,"1,638.70",30.14,3.43,287.86,3.16,750.30,107.91,98.56,139.45
Jan-2012,732.07,"1,657.14",30.86,3.65,302.48,2.68,792.68,111.16,100.29,129.47
Feb-2012,790.99,"1,741.63",34.21,3.82,317.71,2.50,831.94,119.70,102.21,122.13
Mar-2012,834.16,"1,676.66",33.00,3.84,326.87,2.16,842.53,124.93,106.15,125.94
Apr-2012,818.97,"1,649.92",31.60,3.75,321.64,1.95,828.69,120.46,103.28,119.39
May-2012,731.54,"1,587.67",28.78,3.59,294.91,2.43,767.47,110.52,94.68,94.68
Jun-2012,662.19,"1,600.52",28.10,3.37,266.56,2.46,687.63,95.59,82.36,78.61
Jul-2012,700.05,"1,593.67",27.44,3.44,288.46,2.95,733.50,103.14,87.90,87.58
Aug-2012,782.38,"1,630.26",28.97,3.40,314.61,2.84,798.28,113.34,94.11,90.00
Sep-2012,801.56,"1,745.78",33.81,3.66,318.93,2.85,824.70,113.38,94.51,91.00
Oct-2012,732.15,"1,744.36",33.15,3.66,315.27,3.32,816.30,111.97,89.52,96.40
Nov-2012,667.00,"1,722.89",32.83,3.49,299.78,3.54,777.22,109.71,86.68,89.24
Dec-2012,654.87,"1,683.41",31.68,3.61,295.73,3.34,770.80,109.63,88.19,80.40
Jan-2013,706.00,"1,671.28",31.16,3.65,304.62,3.33,791.78,112.97,94.74,83.71
Feb-2013,774.90,"1,626.92",30.22,3.66,320.35,3.33,825.86,116.45,95.27,86.15
Mar-2013,763.80,"1,593.60",28.82,3.48,301.11,3.81,765.20,109.24,92.91,89.17
Apr-2013,710.88,"1,485.03",25.28,3.27,287.60,4.17,717.91,102.87,92.02,93.86
May-2013,716.64,"1,416.59",23.09,3.28,284.56,4.04,713.18,103.03,94.76,93.35
Jun-2013,707.87,"1,342.47",21.12,3.18,285.99,3.82,720.66,103.11,95.79,86.19
Jul-2013,752.34,"1,288.01",19.76,3.13,298.09,3.62,748.87,107.72,104.70,92.18
Aug-2013,755.16,"1,353.68",22.13,3.26,304.16,3.42,770.06,110.97,106.55,106.18
Sep-2013,687.50,"1,350.79",22.60,3.25,301.51,3.62,766.79,111.62,106.25,110.74
Oct-2013,656.85,"1,315.89",22.01,3.26,293.60,3.68,760.16,109.48,100.50,113.47
Nov-2013,647.61,"1,275.18",20.69,3.21,285.67,3.62,744.44,108.08,93.89,118.09
Dec-2013,665.33,"1,221.50",19.65,3.27,295.84,4.24,773.13,110.67,97.85,127.43
Jan-2014,673.97,"1,244.07",19.89,3.31,290.97,4.70,757.73,107.42,94.86,139.43
Feb-2014,697.28,"1,302.63",20.88,3.24,297.88,5.98,751.25,108.81,100.73,142.80
Mar-2014,718.20,"1,334.83",20.67,3.02,291.92,4.88,742.38,107.40,100.57,106.65
Apr-2014,741.32,"1,298.87",19.73,3.03,293.38,4.63,752.52,107.79,102.08,109.99
May-2014,729.30,"1,288.32",19.35,3.12,290.30,4.56,743.22,109.68,101.86,104.17
Jun-2014,753.23,"1,282.57",19.91,3.09,292.75,4.57,751.46,111.87,105.24,104.70
Jul-2014,716.43,"1,311.82",20.92,3.22,284.24,4.01,720.55,106.98,102.94,103.68
Aug-2014,695.98,"1,295.70",19.71,3.18,282.05,3.89,716.33,101.92,96.38,101.80
Sep-2014,686.50,"1,237.96",18.44,3.12,270.73,3.92,684.70,97.34,93.22,106.29
Oct-2014,573.92,"1,223.10",17.19,3.06,250.31,3.77,630.01,87.27,84.40,93.90
Nov-2014,512.20,"1,177.09",16.02,3.04,230.75,4.10,566.02,78.44,75.81,80.54
Dec-2014,378.41,"1,198.60",16.22,2.91,177.97,3.40,420.24,62.33,59.26,55.72
Jan-2015,338.12,"1,251.49",17.15,2.64,153.93,2.97,386.68,48.07,47.27,47.54
Feb-2015,423.62,"1,227.00",16.81,2.59,181.24,2.85,445.02,57.93,50.61,57.31
Mar-2015,443.06,"1,179.55",16.26,2.69,171.10,2.80,396.99,55.79,47.78,54.47
Apr-2015,457.25,"1,200.06",16.38,2.73,177.70,2.58,431.17,59.39,54.44,54.89
May-2015,497.94,"1,199.05",16.84,2.86,191.66,2.84,469.38,64.56,59.27,47.11
Jun-2015,513.87,"1,182.45",16.10,2.65,180.23,2.77,439.92,62.34,59.80,38.97
Jul-2015,490.20,"1,130.72",15.09,2.48,161.66,2.83,391.28,55.87,50.90,41.18
Aug-2015,415.30,"1,119.43",14.94,2.31,146.03,2.76,350.73,46.99,42.86,37.43
Sep-2015,358.20,"1,125.31",14.76,2.36,143.97,2.65,352.55,47.24,45.45,45.44
Oct-2015,343.49,"1,157.82",15.77,2.37,141.66,2.32,353.26,48.12,46.20,45.27
Nov-2015,327.50,"1,085.00",14.45,2.18,135.07,2.08,331.20,44.42,42.70,43.08
Dec-2015,311.94,"1,068.45",14.09,2.10,108.76,1.92,259.47,37.72,37.23,38.82
Jan-2016,269.75,"1,098.21",14.07,2.02,95.45,2.27,229.06,30.80,31.54,33.74
Feb-2016,245.47,"1,201.16",15.12,2.08,99.37,1.96,229.91,33.20,30.39,37.51
Mar-2016,320.47,"1,243.93",15.41,2.24,112.79,1.70,255.67,39.07,37.77,45.27
Apr-2016,353.24,"1,242.18",16.30,2.20,119.72,1.90,282.77,42.25,40.96,45.69
May-2016,378.60,"1,256.37",16.84,2.14,137.41,1.92,329.83,47.13,46.73,51.79
Jun-2016,393.74,"1,276.22",17.25,2.10,145.84,2.57,353.08,48.48,48.75,50.69
Jul-2016,356.43,"1,339.86",20.01,2.20,133.40,2.79,316.56,45.07,44.69,47.84
Aug-2016,376.12,"1,338.48",19.52,2.16,137.74,2.79,326.26,46.14,44.75,45.00
Sep-2016,367.66,"1,326.51",19.32,2.14,139.84,2.97,333.16,46.19,45.20,49.80
Oct-2016,391.54,"1,265.78",17.66,2.15,154.14,2.95,368.37,49.73,49.89,57.98
Nov-2016,344.97,"1,234.09",17.32,2.47,141.94,2.50,335.69,46.44,45.57,53.75
Dec-2016,413.34,"1,151.00",16.36,2.57,160.42,3.58,380.24,54.07,52.01,64.08
Jan-2017,419.02,"1,194.37",16.89,2.60,158.74,3.26,388.80,54.89,52.51,75.89
Feb-2017,408.96,"1,234.97",17.92,2.70,160.84,2.82,394.69,55.49,53.40,77.08
Mar-2017,402.46,"1,231.39",17.63,2.64,150.01,2.89,364.97,51.97,49.58,61.90
Apr-2017,427.32,"1,271.25",18.07,2.58,155.75,3.08,373.90,52.98,51.06,65.13
May-2017,400.50,"1,245.79",16.79,2.54,147.80,3.12,354.90,50.87,48.50,64.08
Jun-2017,378.10,"1,260.06",16.94,2.59,138.49,2.94,327.05,46.89,45.17,59.23
Jul-2017,401.64,"1,237.55",16.21,2.71,148.77,2.96,351.62,48.69,46.65,65.55
Aug-2017,434.50,"1,284.30",16.96,2.94,160.21,2.88,374.45,51.37,48.03,75.88
Sep-2017,455.64,"1,315.39",17.44,2.99,177.12,2.96,415.19,55.16,49.83,88.72
Oct-2017,435.80,"1,280.95",16.95,3.08,175.35,2.86,413.74,57.62,51.56,93.94
Nov-2017,463.72,"1,281.99",16.99,3.10,184.86,3.09,448.53,62.57,56.65,98.27
Dec-2017,449.75,"1,266.57",16.19,3.08,186.51,2.82,460.26,64.21,57.94,95.76
Jan-2018,490.54,"1,331.94",17.16,3.21,199.66,3.88,494.08,68.99,63.67,89.98
Feb-2018,469.85,"1,331.74",16.61,3.18,189.74,2.67,454.74,65.42,62.17,82.97
Mar-2018,479.10,"1,326.46",16.48,3.08,188.67,2.69,456.11,66.45,62.76,79.04
Apr-2018,519.71,"1,335.07",16.63,3.10,202.98,2.76,501.19,71.63,66.32,82.26
May-2018,552.39,"1,303.40",16.47,3.09,218.12,2.78,536.56,76.65,69.98,91.30
Jun-2018,528.90,"1,280.33",16.51,3.15,210.21,2.94,517.30,75.19,67.52,88.04
Jul-2018,538.86,"1,237.80",15.72,2.83,209.58,2.80,520.98,74.44,70.84,93.89
Aug-2018,535.32,"1,200.36",14.96,2.74,211.37,2.96,531.97,73.13,67.99,97.45
Sep-2018,536.30,"1,198.15",14.26,2.73,220.79,3.00,560.29,78.86,70.21,105.69
Oct-2018,520.58,"1,215.33",14.56,2.82,228.20,3.29,583.35,80.47,70.75,95.87
Nov-2018,406.18,"1,221.01",14.36,2.81,196.16,4.14,497.57,65.17,56.67,74.55
Dec-2018,356.27,"1,252.71",14.75,2.76,168.53,3.95,417.78,56.46,48.95,68.00
Jan-2019,359.36,"1,292.73",15.62,2.69,178.19,3.08,437.52,59.27,51.52,66.56
Feb-2019,402.22,"1,319.29",15.80,2.85,190.54,2.72,473.39,64.13,54.95,67.07
Mar-2019,477.86,"1,300.80",15.29,2.93,194.13,2.94,479.47,66.41,58.15,66.77
Apr-2019,525.10,"1,285.75",15.05,2.92,201.02,2.65,495.38,71.20,63.87,64.36
May-2019,495.64,"1,284.07",14.64,2.73,198.46,2.63,490.57,70.53,60.84,57.97
Jun-2019,450.25,"1,361.80",15.04,2.66,180.46,2.40,444.07,63.30,54.68,44.84
Jul-2019,484.49,"1,415.69",15.77,2.69,187.43,2.36,466.95,64.00,57.52,48.75
Aug-2019,435.30,"1,503.50",17.21,2.59,178.74,2.22,442.22,59.25,54.84,40.38
Sep-2019,440.32,"1,507.95",18.13,2.61,190.01,2.58,473.31,62.33,56.95,44.83
Oct-2019,429.99,"1,494.96",17.63,2.60,187.17,2.33,468.85,59.37,53.98,46.61
Nov-2019,429.69,"1,470.21",17.16,2.66,183.10,2.65,453.68,62.74,57.06,53.24
Dec-2019,430.28,"1,482.83",17.19,2.75,189.61,2.24,473.37,65.85,59.80,49.82
Jan-2020,420.61,"1,559.64",17.96,2.74,176.64,2.03,442.51,63.60,57.52,43.11
Feb-2020,400.42,"1,595.63",17.84,2.58,155.42,1.92,381.87,55.00,50.53,39.60
Mar-2020,221.56,"1,592.92",14.92,2.35,111.84,1.79,257.54,32.98,29.88,29.38
Apr-2020,146.58,"1,686.32",15.12,2.29,79.49,1.74,161.77,23.34,16.52,32.72
May-2020,221.16,"1,718.66",16.31,2.37,84.16,1.75,185.84,31.02,28.56,41.53
Jun-2020,290.33,"1,736.15",17.72,2.60,108.84,1.61,253.50,39.93,38.30,49.62
Jul-2020,305.23,"1,846.37",20.59,2.88,119.17,1.74,279.07,42.81,40.75,49.13
Aug-2020,318.10,"1,969.78",27.00,2.95,119.13,2.30,291.12,44.26,42.36,50.59
Sep-2020,308.51,"1,923.35",25.79,3.04,108.52,1.92,258.55,41.09,39.60,49.41
Oct-2020,300.29,"1,900.36",24.19,3.04,111.15,2.25,267.24,40.47,39.53,52.52
Nov-2020,297.57,"1,866.35",24.07,3.20,121.39,2.59,291.47,43.23,41.10,54.64
Dec-2020,342.91,"1,860.32",25.05,3.52,140.29,2.54,343.96,49.87,47.05,64.02
Jan-2021,396.56,"1,867.28",25.93,3.62,152.54,2.67,367.34,54.55,52.10,87.55
Feb-2021,453.45,"1,808.86",27.31,3.84,174.28,5.07,409.99,61.96,59.06,91.42
